dataset_norm,mode,dl_mode,threads,seqlen,batch_size,v027,v061,ratio
1kgp,haps,none,1,2048,2,6.834885236831035,49.33894371589754,0.13852921692421155
1kgp,haps,none,4,2048,2,6.323642235807484,60.9020160344228,0.1038330526239601
1kgp,haps,none,16,2048,2,4.41963107131814,55.7630483121879,0.07925734343960102
1kgp,haps,none,32,2048,2,3.3753290560312794,47.80144559146936,0.0706114431115372
1kgp,haps,none,1,2048,8,26.868115719706356,179.64538134908335,0.1495619621163361
1kgp,haps,none,4,2048,8,25.662623298624865,259.91285525568645,0.09873549068351982
1kgp,haps,none,16,2048,8,17.747919669119923,182.08332089306873,0.09747141902987735
1kgp,haps,none,32,2048,8,18.921278350338525,186.47837036030433,0.10146634332861106
1kgp,haps,none,1,2048,32,102.07186418879785,585.2565884276148,0.17440532273721204
1kgp,haps,none,4,2048,32,106.29428539837606,724.2882336494317,0.14675688553270683
1kgp,haps,none,16,2048,32,75.54596924979421,723.8175467431078,0.1043715637866492
1kgp,haps,none,32,2048,32,45.679663602455996,602.3280611488126,0.07583851151701576
1kgp,haps,none,1,2048,128,325.8812122513517,1385.750056470632,0.23516593827990803
1kgp,haps,none,4,2048,128,373.2689516129428,2212.520347305966,0.16870757914947393
1kgp,haps,none,16,2048,128,294.83312540260755,2395.3246939268165,0.12308691433363375
1kgp,haps,none,32,2048,128,97.41711588625755,2025.3878103467605,0.04809800641072243
1kgp,haps,none,1,2048,512,769.9047487754227,1602.0231333215609,0.4805827910731462
1kgp,haps,none,4,2048,512,1153.8638072169695,3818.988340987071,0.30213860430868383
1kgp,haps,none,16,2048,512,911.9271839822499,5328.819601415254,0.1711311795467904
1kgp,haps,none,32,2048,512,832.1682463197466,5436.588350608002,0.15306809945003116
1kgp,haps,none,1,2048,2048,1259.8105284334315,1709.9142089139777,0.7367682670077221
1kgp,haps,none,4,2048,2048,2564.042809629334,5062.532931246579,0.5064742974418487
1kgp,haps,none,16,2048,2048,2454.939613364224,9090.64899304051,0.2700510838383092
1kgp,haps,none,32,2048,2048,2648.155781901614,9239.681843944583,0.28660681467480803
1kgp,haps,none,1,2048,8192,976.9078223665305,2511.925981971512,0.3889078855738392
1kgp,haps,none,4,2048,8192,2484.274735011342,4664.113132158302,0.5326360370383538
1kgp,haps,none,16,2048,8192,3606.933441898273,8266.60021809257,0.43632610102566866
1kgp,haps,none,32,2048,8192,3874.688370430864,8151.408399775077,0.4753397425821259
1kgp,haps,none,1,2048,32768,1074.6636634787592,1811.7910187151142,0.5931499010525447
1kgp,haps,none,4,2048,32768,2857.581317276227,4969.850629445817,0.574983340614982
1kgp,haps,none,16,2048,32768,4854.198442309716,11165.146414176232,0.43476352769959264
1kgp,haps,none,32,2048,32768,5790.358513847308,11551.05508395178,0.5012839495408539
1kgp,haps,none,1,2048,131072,1034.860994877952,1965.322965981273,0.5265602716657068
1kgp,haps,none,4,2048,131072,2858.8308308341752,3590.1189694658474,0.796305318890177
1kgp,haps,none,16,2048,131072,4846.277204004428,11084.469740161203,0.43721326482992845
1kgp,haps,none,32,2048,131072,6135.001427759819,14310.515895136887,0.4287058183447226
1kgp,haps,none,1,2048,524288,1051.6009864687853,1285.9076601610227,0.8177888809971804
1kgp,haps,none,4,2048,524288,2896.3649168716624,1127.7614069557007,2.5682426256189785
1kgp,haps,none,16,2048,524288,5251.1494624510215,10241.053990119894,0.512754787497175
1kgp,haps,none,32,2048,524288,6769.083454611313,14619.811618120424,0.4630075702358175
1kgp,haps,none,1,2048,2097152,1141.1684888680813,2116.1276205673767,0.5392720541883532
1kgp,haps,none,4,2048,2097152,2936.6364219666184,4964.601405086498,0.591515044683724
1kgp,haps,none,16,2048,2097152,5341.4890023861935,11881.561643779709,0.4495611909047827
1kgp,haps,none,32,2048,2097152,5697.3513863344715,15239.319571133505,0.3738586463615121
1kgp,haps,none,1,2048,4194304,1168.386298328201,2052.4913178263255,0.569252736019157
1kgp,haps,none,4,2048,4194304,2966.490191464618,4868.388574775989,0.6093371853747555
1kgp,haps,none,16,2048,4194304,5259.160515892429,11240.871704187724,0.4678605587085527
1kgp,haps,none,32,2048,4194304,5434.095910591725,15043.825262167366,0.36121769668898923
1kgp,haps,none,1,16384,2,50.84151232757426,365.52599781898584,0.13909137142346784
1kgp,haps,none,4,16384,2,48.568381964776805,397.1888002959855,0.12228034105841755
1kgp,haps,none,16,16384,2,34.89357763051074,305.20802491572937,0.11432719582044137
1kgp,haps,none,32,16384,2,12.086880830727631,346.7604855588787,0.034856569113539675
1kgp,haps,none,1,16384,8,181.88690842597674,962.6020202749277,0.18895338322064628
1kgp,haps,none,4,16384,8,184.3611448796274,1111.7097168950402,0.16583568721027334
1kgp,haps,none,16,16384,8,138.87916708347936,1188.6898435883702,0.11683381315367883
1kgp,haps,none,32,16384,8,35.339064716097184,1058.343810565079,0.033390911689868234
1kgp,haps,none,1,16384,32,595.8615861506885,1709.4369221076124,0.3485718475157505
1kgp,haps,none,4,16384,32,763.0959677693838,3435.8977742694324,0.2220950732248253
1kgp,haps,none,16,16384,32,601.1120958861329,4356.503500428022,0.13798040006786963
1kgp,haps,none,32,16384,32,598.2906602130424,3806.5187126658766,0.1571752841309514
1kgp,haps,none,1,16384,128,1226.4402754372627,1876.574150652686,0.6535527919377435
1kgp,haps,none,4,16384,128,2262.753664657171,5987.801760913399,0.3778938841007995
1kgp,haps,none,16,16384,128,1860.9260301947934,10531.134844565715,0.1767070745613964
1kgp,haps,none,32,16384,128,299.0541672502555,11066.960221202777,0.027022250127664574
1kgp,haps,none,1,16384,512,1650.4309710437624,2058.2129214875645,0.8018757213179483
1kgp,haps,none,4,16384,512,4361.504919724309,6837.769101158505,0.6378549575453419
1kgp,haps,none,16,16384,512,5279.925239558561,17887.910086741114,0.2951672506153835
1kgp,haps,none,32,16384,512,1141.8912417797058,12067.287352622197,0.09462700343599384
1kgp,haps,none,1,16384,2048,1165.0033759499684,2922.263214900064,0.39866476435450365
1kgp,haps,none,4,16384,2048,3674.192514476453,6229.0941199724275,0.5898437948940024
1kgp,haps,none,16,16384,2048,6301.754000915305,14777.751620853107,0.4264352360627584
1kgp,haps,none,32,16384,2048,3359.401755110917,19104.984196604826,0.17583902297641896
1kgp,haps,none,1,16384,8192,1286.6213846636429,1669.7240549024586,0.770559291450589
1kgp,haps,none,4,16384,8192,3110.9096262440526,2142.849322836411,1.4517631235621624
1kgp,haps,none,16,16384,8192,7517.83458688869,18780.46648429498,0.4003007376401125
1kgp,haps,none,32,16384,8192,7225.0402011397,28859.879707098968,0.25034893681010323
1kgp,haps,none,1,16384,32768,1307.1453819412109,1625.3750517348303,0.8042115452344616
1kgp,haps,none,4,16384,32768,4445.716164322108,685.0635745700986,6.489494302936703
1kgp,haps,none,16,16384,32768,5363.673348316426,21523.42881543481,0.24920162090856296
1kgp,haps,none,32,16384,32768,11681.646476963726,33996.97754995375,0.3436083828275381
1kgp,haps,none,1,16384,131072,1314.7377182684472,1402.8126889856453,0.9372154447926445
1kgp,haps,none,4,16384,131072,4617.750674064064,6298.8993660745155,0.7331043735886598
1kgp,haps,none,16,16384,131072,9868.676507382084,23297.66896522739,0.4235907258409174
1kgp,haps,none,32,16384,131072,12686.626780442744,37013.94204764984,0.3427526515308916
1kgp,haps,none,1,16384,524288,1473.7746003168932,2601.8986928529293,0.5664227451918695
1kgp,haps,none,4,16384,524288,4598.882770582544,6563.328384580353,0.7006936878835736
1kgp,haps,none,16,16384,524288,9593.69799141675,21833.691239228847,0.4393988119690747
1kgp,haps,none,32,16384,524288,10088.860797941521,37136.622567729384,0.27166877600518363
1kgp,haps,none,1,131072,2,333.25577716366115,1278.2966057955302,0.2607030134107757
1kgp,haps,none,4,131072,2,331.92280748214483,2122.3369938099277,0.15639495916541102
1kgp,haps,none,16,131072,2,273.315363750321,2003.7094481948739,0.13640468881181783
1kgp,haps,none,32,131072,2,81.54669562808604,1752.6927932353844,0.046526519617596455
1kgp,haps,none,1,131072,8,903.2577978942543,1780.8848329522532,0.5071960753334527
1kgp,haps,none,4,131072,8,1350.782479335518,4466.421460237224,0.30243059043151166
1kgp,haps,none,16,131072,8,1037.5648426097728,5543.15887058477,0.18717934427528252
1kgp,haps,none,32,131072,8,195.97946650785417,6267.680679565939,0.03126825958871703
1kgp,haps,none,1,131072,32,1541.27782540052,1989.1525281911963,0.7748414480824435
1kgp,haps,none,4,131072,32,2408.3127071188615,6489.685617818658,0.37109851677658834
1kgp,haps,none,16,131072,32,3679.7078904138,14949.16604754778,0.24614803787114328
1kgp,haps,none,32,131072,32,567.9759886553363,16603.593712279813,0.03420801535484865
1kgp,haps,none,1,131072,128,1145.021455767621,1712.7157431685498,0.6685414438062642
1kgp,haps,none,4,131072,128,3618.838408990981,4876.26901074037,0.7421326430146086
1kgp,haps,none,16,131072,128,5925.601149487924,12691.1827543272,0.466906927761916
1kgp,haps,none,32,131072,128,2056.1436819229575,17806.38186891554,0.11547228948921685
1kgp,haps,none,1,131072,512,1288.6477309050802,1744.3703944988151,0.7387466188196394
1kgp,haps,none,4,131072,512,2790.6960235272068,6775.978929742973,0.4118513431730909
1kgp,haps,none,16,131072,512,4015.4724057253898,19936.62951782841,0.20141179842533252
1kgp,haps,none,32,131072,512,10914.485424519038,23792.77098166961,0.45873115968408046
1kgp,haps,none,1,131072,2048,1308.3271049765633,1918.7755788791774,0.6818551994187887
1kgp,haps,none,4,131072,2048,4596.698362505933,6005.5585801414745,0.7654072974503643
1kgp,haps,none,16,131072,2048,10056.365061953375,17691.175958018535,0.5684396043438437
1kgp,haps,none,32,131072,2048,11026.651934600239,35977.98260329309,0.3064833305464705
1kgp,haps,none,1,131072,8192,1330.948594491363,1292.8666947513343,1.0294553954360726
1kgp,haps,none,4,131072,8192,4713.917810756692,6671.764790345149,0.7065473617382768
1kgp,haps,none,16,131072,8192,10657.842500417486,24638.002697143715,0.43257737371921995
1kgp,haps,none,32,131072,8192,15169.72318503197,42274.834248827574,0.35883578148985124
1kgp,haps,none,1,131072,32768,1394.4611904615815,1187.5852092112395,1.1741988529713527
1kgp,haps,none,4,131072,32768,4846.088939933124,6591.982695870496,0.7351489170274861
1kgp,haps,none,16,131072,32768,10957.008820577883,24608.057792949003,0.44526101623986825
1kgp,haps,none,32,131072,32768,13072.311043426838,45798.935643304474,0.28542827163578266
1kgp,haps,none,1,131072,65536,1522.66873554954,2446.7482367449616,0.622323422035128
1kgp,haps,none,4,131072,65536,4924.128470267868,6611.194333032177,0.7448167792716284
1kgp,haps,none,16,131072,65536,11049.257179689937,25916.98670288138,0.42633263297007873
1kgp,haps,none,32,131072,65536,11662.151677765489,45923.86512763729,0.25394534291381166
1kgp,haps,none,1,1048576,2,1240.5392677501331,2033.4912566188939,0.6100538980495988
1kgp,haps,none,4,1048576,2,1347.1113780215853,3997.6522107756555,0.33697563144448933
1kgp,haps,none,16,1048576,2,1282.5947067273867,5177.372548071415,0.24773081226406174
1kgp,haps,none,32,1048576,2,1218.0278875501951,5429.216832201061,0.224346885599777
1kgp,haps,none,1,1048576,8,1768.2904543476404,2197.1594169602126,0.8048075349917414
1kgp,haps,none,4,1048576,8,3365.248530998359,6982.040215609384,0.48198641472657916
1kgp,haps,none,16,1048576,8,1199.463358219371,13545.1504323641,0.08855297430683631
1kgp,haps,none,32,1048576,8,1459.330071329688,13638.93845660178,0.10699733531118877
1kgp,haps,none,1,1048576,32,1258.3485512505943,1688.9599071417795,0.7450434707950485
1kgp,haps,none,4,1048576,32,4351.273647329143,6385.277046418983,0.6814541664671295
1kgp,haps,none,16,1048576,32,2424.8997879377775,17342.5620215283,0.13982361919349703
1kgp,haps,none,32,1048576,32,4422.3298393501445,18991.609925377677,0.2328570277468038
1kgp,haps,none,1,1048576,128,1338.3709833236785,1269.3750782747045,1.0543542300694537
1kgp,haps,none,4,1048576,128,4738.413995197444,5678.4819208333565,0.8344508376108467
1kgp,haps,none,16,1048576,128,9876.500038292657,21069.926646156702,0.46874866743279325
1kgp,haps,none,32,1048576,128,9135.901100387528,33272.68361040465,0.27457662289466345
1kgp,haps,none,1,1048576,512,1329.8816335189717,1475.0900885859721,0.9015596022299913
1kgp,haps,none,4,1048576,512,4783.8191763815785,6683.627158914952,0.7157519506456437
1kgp,haps,none,16,1048576,512,6100.896044440795,21573.411379845325,0.282797001226263
1kgp,haps,none,32,1048576,512,13791.639331262642,40006.48843350242,0.34473506351817634
1kgp,haps,none,1,1048576,2048,1353.908656701627,1437.0761789922085,0.9421272695864286
1kgp,haps,none,4,1048576,2048,4905.799529116522,6399.390593648426,0.7666041722762891
1kgp,haps,none,16,1048576,2048,10872.096544705711,24587.689691525113,0.4421764175937647
1kgp,haps,none,32,1048576,2048,16963.83311194689,45106.569842558216,0.3760834213543201
1kgp,haps,none,1,1048576,8192,1466.3738148632779,2398.69780703911,0.6113207802000417
1kgp,haps,none,4,1048576,8192,4830.902199085053,6890.124157019771,0.7011342740701199
1kgp,haps,none,16,1048576,8192,8836.625578755653,32929.56637628744,0.2683492845845338
1kgp,haps,none,32,1048576,8192,10966.335462541783,47176.04763720406,0.23245557887501989
tcga-atac,haps,none,1,2048,2,6.435096508673757,49.90345440369635,0.12895092304866793
tcga-atac,haps,none,4,2048,2,6.0745712664807145,52.39890773311095,0.11592934908912583
tcga-atac,haps,none,16,2048,2,4.693893602423459,56.62261330843307,0.08289786232322088
tcga-atac,haps,none,32,2048,2,2.705473881146869,44.925264409505345,0.06022165738382257
tcga-atac,haps,none,1,2048,8,25.412946832626574,282.30767101525714,0.09001861954807862
tcga-atac,haps,none,4,2048,8,22.003949790715918,154.66345046055733,0.1422698751721398
tcga-atac,haps,none,16,2048,8,17.417922774322257,214.84608161046867,0.08107163343989768
tcga-atac,haps,none,32,2048,8,18.42528710167227,153.19703961056294,0.12027182214819931
tcga-atac,haps,none,1,2048,32,101.63344636182052,646.7218362207576,0.15715171603874542
tcga-atac,haps,none,4,2048,32,96.40927840819305,673.6220449401541,0.14312072939471307
tcga-atac,haps,none,16,2048,32,75.23525662636249,660.5537912546375,0.11389724443706958
tcga-atac,haps,none,32,2048,32,72.47126587453133,537.3908871232534,0.13485763828724856
tcga-atac,haps,none,1,2048,128,340.2608002989483,1274.3415557890676,0.2670091065878018
tcga-atac,haps,none,4,2048,128,364.88148239435895,1788.429785367204,0.20402337591321248
tcga-atac,haps,none,16,2048,128,281.5848333731674,2183.710230251184,0.12894789311894087
tcga-atac,haps,none,32,2048,128,276.337844678688,1983.9896626210004,0.13928391356315073
tcga-atac,haps,none,1,2048,512,839.0187613619503,1681.9557264371188,0.4988352238850192
tcga-atac,haps,none,4,2048,512,1056.9377244834136,4053.1204979231993,0.26077135506456905
tcga-atac,haps,none,16,2048,512,872.9181378212852,3284.5559845902358,0.26576442658205623
tcga-atac,haps,none,32,2048,512,947.3138741127638,5045.353854610623,0.18775965004854414
tcga-atac,haps,none,1,2048,2048,1432.0915136547114,2112.950211998927,0.6777686977772662
tcga-atac,haps,none,4,2048,2048,2567.080142323638,5159.732070312607,0.49752198512278745
tcga-atac,haps,none,16,2048,2048,2433.3724550797433,4627.178146903906,0.5258869180794213
tcga-atac,haps,none,32,2048,2048,2062.4216161071517,9051.293160619267,0.2278593323084948
tcga-atac,haps,none,1,2048,8192,1113.6405318829034,2321.549505330221,0.47969708564302066
tcga-atac,haps,none,4,2048,8192,3113.337554160567,4804.310355372473,0.648030065476316
tcga-atac,haps,none,16,2048,8192,3458.9789210502236,8929.087395278795,0.38738325294913556
tcga-atac,haps,none,32,2048,8192,1638.5715081691185,8622.091665785998,0.19004338757743244
tcga-atac,haps,none,1,2048,32768,1260.1874718428894,2646.016646719653,0.4762583309538819
tcga-atac,haps,none,4,2048,32768,3490.1745429189764,3362.440131715328,1.037988605358004
tcga-atac,haps,none,16,2048,32768,5354.737305269861,8782.5160000397,0.609704247079727
tcga-atac,haps,none,32,2048,32768,3835.812107479968,12691.37314572423,0.30223775342798637
tcga-atac,haps,none,1,2048,131072,1165.5286549522875,1630.3493524967932,0.7148950334891981
tcga-atac,haps,none,4,2048,131072,2389.230192475113,2949.866067844326,0.8099453119310909
tcga-atac,haps,none,16,2048,131072,5348.855220767625,10840.444765449463,0.4934165835903184
tcga-atac,haps,none,32,2048,131072,6710.096305753357,13717.59649178873,0.48915976714798254
tcga-atac,haps,none,1,2048,524288,1275.9009226858363,1483.9664691120183,0.8597909381667599
tcga-atac,haps,none,4,2048,524288,3731.252748020459,4771.216481560349,0.782033840309047
tcga-atac,haps,none,16,2048,524288,6065.335430398549,9430.139613061312,0.6431861753136394
tcga-atac,haps,none,32,2048,524288,5429.461507758549,14454.163368267275,0.37563305252785567
tcga-atac,haps,none,1,2048,2097152,1262.7833434037611,1557.0669508876456,0.8110013141592142
tcga-atac,haps,none,4,2048,2097152,3774.957703712227,4693.315633415872,0.8043264077180232
tcga-atac,haps,none,16,2048,2097152,6038.043820541866,11436.197718132715,0.5279765153909693
tcga-atac,haps,none,32,2048,2097152,6722.990667744171,14631.868486937714,0.4594758812755853
tcga-atac,haps,none,1,2048,4194304,1271.3582395216056,2221.790934987752,0.5722222642557565
tcga-atac,haps,none,4,2048,4194304,2610.5436277220615,4568.808583891482,0.5713838913992171
tcga-atac,haps,none,16,2048,4194304,6086.943987150648,9962.243891018321,0.6110013018892727
tcga-atac,haps,none,32,2048,4194304,7581.30083064483,14642.893507270754,0.5177460880174007
tcga-atac,haps,none,1,16384,2,48.99994056752229,385.3689400124703,0.12715072617408316
tcga-atac,haps,none,4,16384,2,46.970472485112616,333.2385557904613,0.14095149456429468
tcga-atac,haps,none,16,16384,2,35.32499037248004,358.64460463901474,0.09849580870744054
tcga-atac,haps,none,32,16384,2,30.672675035216326,337.3934927593759,0.09091068942782377
tcga-atac,haps,none,1,16384,8,190.57430487075476,956.4729526256173,0.1992469356792668
tcga-atac,haps,none,4,16384,8,190.69253260874945,1259.3606530020313,0.15142011317741388
tcga-atac,haps,none,16,16384,8,150.4394220558439,1296.122971956183,0.11606878769287772
tcga-atac,haps,none,32,16384,8,146.19960806329354,1160.6992983141781,0.1259582118087231
tcga-atac,haps,none,1,16384,32,606.0310161371287,1599.8196519072262,0.3788120838587327
tcga-atac,haps,none,4,16384,32,706.4345472769672,4089.148199666201,0.1727583625691614
tcga-atac,haps,none,16,16384,32,718.3822600596903,2407.272640464526,0.29842164447192226
tcga-atac,haps,none,32,16384,32,156.3117816497257,3801.4719198930034,0.041118752142229494
tcga-atac,haps,none,1,16384,128,1331.4934122822588,1935.630658963539,0.6878860934116563
tcga-atac,haps,none,4,16384,128,2300.4983717447703,5479.4996438515,0.41983730655519613
tcga-atac,haps,none,16,16384,128,2034.7365898861929,11122.123194318614,0.18294497861034067
tcga-atac,haps,none,32,16384,128,311.41716332985317,4561.130642444848,0.0682763086046858
tcga-atac,haps,none,1,16384,512,1946.9448626773967,2090.6374466243446,0.9312685304766919
tcga-atac,haps,none,4,16384,512,5047.516949946396,6850.863909728782,0.736770868091324
tcga-atac,haps,none,16,16384,512,1610.5432477346005,20242.41432958555,0.07956280419478873
tcga-atac,haps,none,32,16384,512,5026.313610741374,16747.036858309635,0.300131518982559
tcga-atac,haps,none,1,16384,2048,1340.3228447154465,1643.94332441297,0.8153096428637877
tcga-atac,haps,none,4,16384,2048,4144.507280049643,2923.0986131991976,1.4178472328422986
tcga-atac,haps,none,16,16384,2048,7011.054790188161,13915.008281967399,0.5038484094381646
tcga-atac,haps,none,32,16384,2048,6862.074789592302,16562.438351113935,0.41431549172412657
tcga-atac,haps,none,1,16384,8192,1439.5535229247255,1714.212581059772,0.8397753807376417
tcga-atac,haps,none,4,16384,8192,4954.123059433712,3540.402030481847,1.3993108739572886
tcga-atac,haps,none,16,16384,8192,9336.96575828652,16900.210899219644,0.5524762864774455
tcga-atac,haps,none,32,16384,8192,12545.206418556885,24526.269966580832,0.511500788161054
tcga-atac,haps,none,1,16384,32768,1459.0710174014507,1967.6887647749488,0.7415151438181483
tcga-atac,haps,none,4,16384,32768,5236.942568205556,4176.763362423971,1.2538279317711487
tcga-atac,haps,none,16,16384,32768,10554.270094571042,17565.1365989787,0.6008646750395726
tcga-atac,haps,none,32,16384,32768,15003.322787194018,28378.377333088018,0.5286885367367626
tcga-atac,haps,none,1,16384,131072,1337.9622112197678,3092.9147313140547,0.4325894269485152
tcga-atac,haps,none,4,16384,131072,4796.577179746406,5782.066300543728,0.8295610825658208
tcga-atac,haps,none,16,16384,131072,9895.45055823549,20875.33271224512,0.47402600450200183
tcga-atac,haps,none,32,16384,131072,13680.136523302606,36582.463560597986,0.37395339711448855
tcga-atac,haps,none,1,16384,524288,1449.4309706569456,2671.624885226995,0.5425278745798906
tcga-atac,haps,none,4,16384,524288,5261.767791510336,5353.416502192038,0.9828803324672805
tcga-atac,haps,none,16,16384,524288,10805.933241567056,20044.81374123865,0.5390887329292446
tcga-atac,haps,none,32,16384,524288,12782.935342258992,36759.098767432646,0.34774887771688934
tcga-atac,haps,none,1,131072,2,343.0801214258917,1358.3373171872784,0.25257358174942207
tcga-atac,haps,none,4,131072,2,336.6221550182973,2043.6915828082156,0.16471279612344847
tcga-atac,haps,none,16,131072,2,280.4695909921514,2011.3000200496529,0.13944691900576198
tcga-atac,haps,none,32,131072,2,210.73986038770312,1793.0177754765227,0.11753361470813957
tcga-atac,haps,none,1,131072,8,942.6983088448038,1868.2710902995213,0.5045832554705272
tcga-atac,haps,none,4,131072,8,1280.4926439349013,4384.085566961469,0.29207747530858247
tcga-atac,haps,none,16,131072,8,1110.9383442866972,6921.562139785949,0.16050399055162615
tcga-atac,haps,none,32,131072,8,325.7673172940626,6197.8389023165355,0.052561436724710954
tcga-atac,haps,none,1,131072,32,1697.5245942096053,2038.177093031407,0.8328641313914755
tcga-atac,haps,none,4,131072,32,2321.4924221862493,7197.128687417055,0.3225581371422441
tcga-atac,haps,none,16,131072,32,3726.5037795609687,16876.577641956595,0.22080921017402047
tcga-atac,haps,none,32,131072,32,586.1370584672683,14387.29306744529,0.04073991234623171
tcga-atac,haps,none,1,131072,128,1273.1514873906187,2045.542756737186,0.622402774616847
tcga-atac,haps,none,4,131072,128,4643.356527171259,7510.316120250754,0.6182637924721904
tcga-atac,haps,none,16,131072,128,5591.5599290752125,15298.353126691603,0.3655007753298236
tcga-atac,haps,none,32,131072,128,6173.29849937121,20106.050562090866,0.3070368534241484
tcga-atac,haps,none,1,131072,512,1410.931305589598,1667.0407788485195,0.8463688012264314
tcga-atac,haps,none,4,131072,512,4806.519256303648,2914.261901654887,1.6493092997490129
tcga-atac,haps,none,16,131072,512,9117.816102966472,15597.754833993196,0.5845595215470002
tcga-atac,haps,none,32,131072,512,11350.2696677761,26831.982273389338,0.42301271490600034
tcga-atac,haps,none,1,131072,2048,1440.470713823819,1630.7041848651243,0.8833427467673792
tcga-atac,haps,none,4,131072,2048,5230.95098651133,4109.954214780707,1.272751644701822
tcga-atac,haps,none,16,131072,2048,10376.155476362297,17566.718252510258,0.5906712527184501
tcga-atac,haps,none,32,131072,2048,9079.148997532944,30366.8418113271,0.2989823259838085
tcga-atac,haps,none,1,131072,8192,1486.9238861065085,1537.6271085241208,0.9670250204769871
tcga-atac,haps,none,4,131072,8192,5456.386676480024,6903.155200921241,0.7904192384015729
tcga-atac,haps,none,16,131072,8192,11288.490533736413,20942.267400645727,0.5390290515242082
tcga-atac,haps,none,32,131072,8192,18077.894251427973,42445.925626587836,0.4259041117506954
tcga-atac,haps,none,1,131072,32768,1457.9153702734745,1694.9795795555954,0.8601374245793117
tcga-atac,haps,none,4,131072,32768,5370.520851393669,6062.471443067146,0.8858632822980519
tcga-atac,haps,none,16,131072,32768,9784.078214037614,22211.49954927723,0.44049606791883583
tcga-atac,haps,none,32,131072,32768,11918.934033859832,46559.157948655346,0.25599548099653846
tcga-atac,haps,none,1,131072,65536,1567.7207031852763,2767.049188901778,0.5665677030510229
tcga-atac,haps,none,4,131072,65536,5450.528372596245,5933.05115750941,0.9186720673556911
tcga-atac,haps,none,16,131072,65536,9108.29358340132,23286.669132094186,0.39113767330717447
tcga-atac,haps,none,32,131072,65536,11141.570797295959,46901.832330236735,0.23755086408667228
tcga-atac,haps,none,1,1048576,2,1386.8737459864565,3990.265973514934,0.34756423636712896
tcga-atac,haps,none,4,1048576,2,1796.737986391317,6622.085700037758,0.2713250881638503
tcga-atac,haps,none,16,1048576,2,1343.0918328652745,6198.575276859344,0.21667750618103068
tcga-atac,haps,none,32,1048576,2,1324.8440843525123,4639.936727158773,0.28553063592394495
tcga-atac,haps,none,1,1048576,8,1990.789209343912,2466.4897033257407,0.8071346118573256
tcga-atac,haps,none,4,1048576,8,5092.101648095497,4907.004194471717,1.0377210710013887
tcga-atac,haps,none,16,1048576,8,4457.84978306096,15261.84654025385,0.29209111566566787
tcga-atac,haps,none,32,1048576,8,4231.635792661566,13761.720628695937,0.3074932202763773
tcga-atac,haps,none,1,1048576,32,1347.0673958010975,1592.9025766737893,0.8456684140808968
tcga-atac,haps,none,4,1048576,32,4260.509998940573,2587.687817375554,1.646454402394491
tcga-atac,haps,none,16,1048576,32,3020.503778439322,13134.261863325382,0.22997133831124786
tcga-atac,haps,none,32,1048576,32,6277.585474613754,20717.019945123368,0.30301585320872615
tcga-atac,haps,none,1,1048576,128,1443.8075892513052,1049.5950219474191,1.3755854010935227
tcga-atac,haps,none,4,1048576,128,3298.7466915777363,4038.9129012565713,0.8167412301838554
tcga-atac,haps,none,16,1048576,128,10512.935658106979,14458.375737291175,0.7271173366308304
tcga-atac,haps,none,32,1048576,128,10394.610053614058,28604.64450210433,0.3633888913686506
tcga-atac,haps,none,1,1048576,512,1445.0449949368283,1878.1218349447242,0.7694096133967571
tcga-atac,haps,none,4,1048576,512,5298.351648187041,4992.786833919373,1.0612012538151558
tcga-atac,haps,none,16,1048576,512,11328.185311057394,21089.116908329204,0.5371578791231081
tcga-atac,haps,none,32,1048576,512,11217.903114318646,40070.66512574172,0.2799530050004629
tcga-atac,haps,none,1,1048576,2048,1499.0191288551962,2392.180358440352,0.6266329892586039
tcga-atac,haps,none,4,1048576,2048,5730.406997621367,5659.8648653373675,1.0124635718276631
tcga-atac,haps,none,16,1048576,2048,11847.742879099264,21360.591235174383,0.5546542578648124
tcga-atac,haps,none,32,1048576,2048,14268.385855607114,43064.06292852261,0.33132930070461925
tcga-atac,haps,none,1,1048576,8192,1637.4966284799948,2743.4634026089575,0.5968720511900326
tcga-atac,haps,none,4,1048576,8192,5594.489567146896,5973.758081894083,0.9365109015886137
tcga-atac,haps,none,16,1048576,8192,12057.992010580563,25795.643353818457,0.46744296489103276
tcga-atac,haps,none,32,1048576,8192,10098.267939665278,47933.62000494535,0.21067192376923405
tcga-atac,tracks,none,1,2048,2,44.83553179630279,213.14704725566494,0.21035023648497278
tcga-atac,tracks,none,4,2048,2,39.27481781093605,134.36690406579373,0.2922953243881012
tcga-atac,tracks,none,16,2048,2,28.681434641029043,119.8337814624419,0.23934348303961622
tcga-atac,tracks,none,32,2048,2,14.855129624254303,100.49559029117565,0.14781872101266424
tcga-atac,tracks,none,1,2048,8,184.98791214223635,505.5308049736137,0.3659280706976736
tcga-atac,tracks,none,4,2048,8,165.82383180991428,495.5321644275187,0.33463787764713154
tcga-atac,tracks,none,16,2048,8,129.23598507628313,415.5275458276884,0.3110166494951815
tcga-atac,tracks,none,32,2048,8,56.74638943034873,359.3972686826339,0.15789321281809374
tcga-atac,tracks,none,1,2048,32,644.4866493205591,1728.7285528890775,0.3728096283499704
tcga-atac,tracks,none,4,2048,32,538.6986106329881,1780.787267508429,0.30250587504856935
tcga-atac,tracks,none,16,2048,32,502.5753886651316,1261.645439015488,0.39834915034235857
tcga-atac,tracks,none,32,2048,32,145.6040372085222,1026.1603566079984,0.14189208954614108
tcga-atac,tracks,none,1,2048,128,1859.3402130993388,4025.710952719255,0.46186629763952786
tcga-atac,tracks,none,4,2048,128,1948.6230932142098,5883.4314635588125,0.3312051997688289
tcga-atac,tracks,none,16,2048,128,1614.6225008947358,3855.5747946660317,0.41877608058037785
tcga-atac,tracks,none,32,2048,128,1520.4260706195628,,
tcga-atac,tracks,none,1,2048,512,3828.8039354721827,9920.70716413201,0.3859406262201849
tcga-atac,tracks,none,4,2048,512,5865.3727116448235,5288.181045050012,1.1091474860027892
tcga-atac,tracks,none,16,2048,512,4790.114049943807,8697.292441071651,0.5507592256324757
tcga-atac,tracks,none,32,2048,512,343.79124859532317,6633.1926613207825,0.05182892554893294
tcga-atac,tracks,none,1,2048,2048,4714.768838863246,2418.245662078534,1.9496649628271432
tcga-atac,tracks,none,4,2048,2048,10338.582106038788,8442.338442175065,1.224611187629097
tcga-atac,tracks,none,16,2048,2048,9742.120849300149,12397.446076173139,0.7858167552770159
tcga-atac,tracks,none,32,2048,2048,10547.407917483362,11264.716541092615,0.9363225323076192
tcga-atac,tracks,none,1,2048,8192,2070.700025221333,1811.67987512904,1.1429723615348124
tcga-atac,tracks,none,4,2048,8192,5232.134860490593,836.4725878623387,6.254998593392835
tcga-atac,tracks,none,16,2048,8192,6984.85796308191,2099.4076314804615,3.3270613378481073
tcga-atac,tracks,none,32,2048,8192,3081.371202945112,9591.771271780746,0.3212515306751101
tcga-atac,tracks,none,1,2048,32768,2264.78379100311,2475.900438482622,0.9147313663351919
tcga-atac,tracks,none,4,2048,32768,6587.331854034192,874.600971822777,7.531814011486146
tcga-atac,tracks,none,16,2048,32768,9603.334526501472,1488.3916640740408,6.452155543665924
tcga-atac,tracks,none,32,2048,32768,9341.669978825605,21089.761490689216,0.44294810934442286
tcga-atac,tracks,none,1,2048,131072,2115.8998583154303,2565.522612907873,0.8247441857147301
tcga-atac,tracks,none,4,2048,131072,6318.685183352307,883.8150867718844,7.149329399242514
tcga-atac,tracks,none,16,2048,131072,9621.58967359908,2004.3230831617052,4.800418532535968
tcga-atac,tracks,none,32,2048,131072,7832.062990244196,25706.840633823125,0.30466843832763163
tcga-atac,tracks,none,1,2048,524288,2302.2072263765385,353.3507983479484,6.515358779830829
tcga-atac,tracks,none,4,2048,524288,6942.130760944727,699.6392618533814,9.922443092394008
tcga-atac,tracks,none,16,2048,524288,11645.486781237776,6172.457276251287,1.8866856844913504
tcga-atac,tracks,none,32,2048,524288,12557.360835462143,10502.183816849523,1.195690444430741
tcga-atac,tracks,none,1,2048,2097152,2302.6184340450745,430.66594800148135,5.346646152848737
tcga-atac,tracks,none,4,2048,2097152,7019.9982997751285,4335.977316784944,1.619011767566243
tcga-atac,tracks,none,16,2048,2097152,10741.304492245423,1794.567303233314,5.985456479059081
tcga-atac,tracks,none,32,2048,2097152,9370.543376227573,7839.714560259327,1.1952658868127986
tcga-atac,tracks,none,1,2048,4194304,2254.803596129257,,
tcga-atac,tracks,none,4,2048,4194304,6944.0714199671565,4939.182202859374,1.4059152172898417
tcga-atac,tracks,none,16,2048,4194304,10665.833933383758,4562.73742233668,2.3375953832385004
tcga-atac,tracks,none,32,2048,4194304,9250.619952150557,10704.029403268889,0.8642184735895365
tcga-atac,tracks,none,1,16384,2,363.2433167601318,970.9577812182955,0.3741082504167765
tcga-atac,tracks,none,4,16384,2,340.3582829228356,1016.8904219440957,0.3347049746738071
tcga-atac,tracks,none,16,16384,2,245.71699857186798,791.6734427449718,0.31037671002312855
tcga-atac,tracks,none,32,16384,2,20.996717570781346,634.6129578281308,0.0330858632994818
tcga-atac,tracks,none,1,16384,8,1275.160034452234,2931.319392490094,0.43501231483649844
tcga-atac,tracks,none,4,16384,8,1340.7847313844013,3033.165701760285,0.44204137301377316
tcga-atac,tracks,none,16,16384,8,952.8925871047234,2379.1823777618774,0.40051262820848554
tcga-atac,tracks,none,32,16384,8,108.80781651314103,1296.5214904126808,0.08392287927175636
tcga-atac,tracks,none,1,16384,32,3142.0248402899415,5850.743102371426,0.537030046493823
tcga-atac,tracks,none,4,16384,32,4118.591644852041,7687.021464778924,0.5357851104908409
tcga-atac,tracks,none,16,16384,32,1911.2383613446189,6510.069895657975,0.2935818496540811
tcga-atac,tracks,none,32,16384,32,405.8907358509487,2740.9914775199686,0.14808172122380914
tcga-atac,tracks,none,1,16384,128,5577.445941531155,4022.4705809591355,1.386572214581926
tcga-atac,tracks,none,4,16384,128,10310.936614619748,9176.173620515738,1.12366407187054
tcga-atac,tracks,none,16,16384,128,11413.726386996672,9426.34961673785,1.2108320666071992
tcga-atac,tracks,none,32,16384,128,606.1125855240396,15037.523493587736,0.040306675882002554
tcga-atac,tracks,none,1,16384,512,2179.7612929571706,868.6190578970429,2.50945598434652
tcga-atac,tracks,none,4,16384,512,4069.936363583918,1047.4520131139834,3.8855587775179816
tcga-atac,tracks,none,16,16384,512,9523.980214935586,1402.4490024581087,6.790963663022797
tcga-atac,tracks,none,32,16384,512,2140.208362555895,9837.881945081426,0.21754767687834667
tcga-atac,tracks,none,1,16384,2048,2301.1531562741975,1042.3511439522374,2.2076563830006606
tcga-atac,tracks,none,4,16384,2048,4904.870949983333,905.4621189364678,5.4169808403961355
tcga-atac,tracks,none,16,16384,2048,5279.36174455024,1703.9289824664013,3.0983461158741927
tcga-atac,tracks,none,32,16384,2048,6720.891726864181,19707.25964528419,0.34103634131965394
tcga-atac,tracks,none,1,16384,8192,2484.5372482967055,536.4535445938009,4.6314117472706435
tcga-atac,tracks,none,4,16384,8192,5351.006688389433,769.1648787598903,6.956904606742781
tcga-atac,tracks,none,16,16384,8192,15820.205588206445,1819.738720715428,8.69366871634558
tcga-atac,tracks,none,32,16384,8192,15645.645395492977,31818.480822543163,0.49171566306861986
tcga-atac,tracks,none,1,16384,32768,2447.164950462804,361.189242087379,6.775298556291954
tcga-atac,tracks,none,4,16384,32768,8293.980420270309,925.1437197902433,8.965072391293747
tcga-atac,tracks,none,16,16384,32768,17589.78033632807,2204.653123908807,7.978479764264108
tcga-atac,tracks,none,32,16384,32768,17251.92351894437,17620.17279919919,0.9791006998369758
tcga-atac,tracks,none,1,16384,131072,2235.4337177920916,393.3742714087,5.68271460608456
tcga-atac,tracks,none,4,16384,131072,7550.371857997874,985.7903280482694,7.659206672220635
tcga-atac,tracks,none,16,16384,131072,16710.508347334147,6094.664941659979,2.7418255978453794
tcga-atac,tracks,none,32,16384,131072,15428.011968130018,12908.069386105984,1.1952222680749187
tcga-atac,tracks,none,1,16384,524288,2485.513316945967,582.9332740035,4.263804156993522
tcga-atac,tracks,none,4,16384,524288,8586.542675283621,,
tcga-atac,tracks,none,16,16384,524288,16695.713761340725,3423.0924344314917,4.877377424402959
tcga-atac,tracks,none,32,16384,524288,12019.186659223482,6422.52873828988,1.8714103352418503
tcga-atac,tracks,none,1,131072,2,1904.0634648153616,6226.021433634967,0.30582346770105856
tcga-atac,tracks,none,4,131072,2,2044.4927360905115,6036.49996450883,0.3386884366952639
tcga-atac,tracks,none,16,131072,2,1047.4353477998638,4069.2884528416184,0.2574001228810484
tcga-atac,tracks,none,32,131072,2,455.05522608216614,3074.7614503255045,0.14799692055264727
tcga-atac,tracks,none,1,131072,8,4102.512245888879,11535.517554023605,0.35564180165092957
tcga-atac,tracks,none,4,131072,8,4955.629716102572,9146.78032370916,0.5417895194505982
tcga-atac,tracks,none,16,131072,8,5362.563128797513,11746.704559664051,0.4565163873459059
tcga-atac,tracks,none,32,131072,8,5050.964640157256,7348.052520530456,0.6873882060647857
tcga-atac,tracks,none,1,131072,32,4663.300748709102,5312.515083800572,0.8777952956649259
tcga-atac,tracks,none,4,131072,32,8245.633691362935,17197.808379149745,0.47945840013892493
tcga-atac,tracks,none,16,131072,32,10375.148447451742,24700.513435594923,0.4200377645794411
tcga-atac,tracks,none,32,131072,32,1696.326156446834,16826.283116596547,0.10081407430816781
tcga-atac,tracks,none,1,131072,128,2105.537812835421,3542.3850923835885,0.5943842236019161
tcga-atac,tracks,none,4,131072,128,4531.639822947946,557.9254498571294,8.12230347998713
tcga-atac,tracks,none,16,131072,128,5281.01745650119,2349.055286080839,2.2481452385533394
tcga-atac,tracks,none,32,131072,128,3918.80573583885,20152.744046617947,0.1944551931376565
tcga-atac,tracks,none,1,131072,512,2326.356409321007,604.1800289925275,3.8504357934508615
tcga-atac,tracks,none,4,131072,512,7388.10975451467,693.5700602325927,10.652290486756343
tcga-atac,tracks,none,16,131072,512,11406.14780762678,3967.440267417556,2.8749387612207578
tcga-atac,tracks,none,32,131072,512,9675.834010402337,36828.583430031205,0.26272620636590527
tcga-atac,tracks,none,1,131072,2048,2410.101539736134,337.75529346583227,7.135644019092013
tcga-atac,tracks,none,4,131072,2048,5416.471387401297,819.6965982182451,6.607897848026881
tcga-atac,tracks,none,16,131072,2048,9660.486020730967,23411.587939261874,0.4126369405524205
tcga-atac,tracks,none,32,131072,2048,15896.956820095958,39576.54771986352,0.40167618794393367
tcga-atac,tracks,none,1,131072,8192,2406.4624395875207,382.33682511650363,6.294090135979542
tcga-atac,tracks,none,4,131072,8192,8543.000008371138,799.875815406694,10.680407938109093
tcga-atac,tracks,none,16,131072,8192,18255.01132071647,12908.312039668868,1.4142059213177154
tcga-atac,tracks,none,32,131072,8192,17775.69772025379,12625.994381578043,1.4078651695100879
tcga-atac,tracks,none,1,131072,32768,2514.3963025125986,2595.4775992999084,0.9687605484211537
tcga-atac,tracks,none,4,131072,32768,7019.309647137357,1186.59284496822,5.915516579172826
tcga-atac,tracks,none,16,131072,32768,15343.250064058759,3148.220349748306,4.873626480841921
tcga-atac,tracks,none,32,131072,32768,9875.733959405045,13766.022245868124,0.7173992445326208
tcga-atac,tracks,none,1,131072,65536,2788.439436301674,2280.2795479448896,1.222849820678682
tcga-atac,tracks,none,4,131072,65536,7382.203107613579,1141.854404048979,6.465100175150636
tcga-atac,tracks,none,16,131072,65536,14305.60257247153,13875.201461506775,1.0310194494947547
tcga-atac,tracks,none,32,131072,65536,10615.189012536523,12964.205303273267,0.8188075369229417
tcga-atac,tracks,none,1,1048576,2,4091.388375227309,4786.731387855467,0.8547353180518277
tcga-atac,tracks,none,4,1048576,2,5282.5980101779105,7476.576702579219,0.7065530416287383
tcga-atac,tracks,none,16,1048576,2,4966.790337320876,8674.761013658339,0.5725564461661486
tcga-atac,tracks,none,32,1048576,2,2506.228997827003,6642.314817315907,0.37731258857130545
tcga-atac,tracks,none,1,1048576,8,1940.8574102088974,3473.4730612030285,0.5587656434959327
tcga-atac,tracks,none,4,1048576,8,4381.919502619614,757.6398424228878,5.783644493413245
tcga-atac,tracks,none,16,1048576,8,7114.488665198743,12168.02257648408,0.5846873327592441
tcga-atac,tracks,none,32,1048576,8,5002.346681921218,11461.167520537203,0.43646048039674323
tcga-atac,tracks,none,1,1048576,32,2081.060907291586,1360.3017658752801,1.5298523897398137
tcga-atac,tracks,none,4,1048576,32,4749.641029297212,617.9192133062407,7.6865080855533945
tcga-atac,tracks,none,16,1048576,32,12499.49808228831,19032.894878166266,0.6567313150364323
tcga-atac,tracks,none,32,1048576,32,6572.721593018208,25282.6191609552,0.25996996399679523
tcga-atac,tracks,none,1,1048576,128,2204.1780382414404,501.2715896056058,4.397173276817184
tcga-atac,tracks,none,4,1048576,128,5064.291356816275,816.1052307326878,6.205439159199636
tcga-atac,tracks,none,16,1048576,128,7729.310138841055,12321.91764853848,0.6272814312922989
tcga-atac,tracks,none,32,1048576,128,14773.935216374872,34187.472820578034,0.4321447008941294
tcga-atac,tracks,none,1,1048576,512,2448.8608276504115,418.4181657737815,5.85266374159862
tcga-atac,tracks,none,4,1048576,512,7253.867243653246,827.1502082886243,8.76970974674783
tcga-atac,tracks,none,16,1048576,512,14281.528660156026,29777.166368138496,0.47961342202921065
tcga-atac,tracks,none,32,1048576,512,17633.459529407857,18041.040255956057,0.9774081360738807
tcga-atac,tracks,none,1,1048576,2048,2384.8737975713807,970.6298041107417,2.4570374693535415
tcga-atac,tracks,none,4,1048576,2048,8383.916462296123,951.9850778967386,8.806772980957925
tcga-atac,tracks,none,16,1048576,2048,16726.74980740537,21548.83872754675,0.7762251144430762
tcga-atac,tracks,none,32,1048576,2048,11642.11660316648,18153.014274952053,0.6413324215378677
tcga-atac,tracks,none,1,1048576,8192,2704.11181582135,556.0591639722493,4.862992988919253
tcga-atac,tracks,none,4,1048576,8192,6684.177369663472,1301.1386626775475,5.137175276852077
tcga-atac,tracks,none,16,1048576,8192,13970.305825142796,6107.320392316964,2.287468959826883
tcga-atac,tracks,none,32,1048576,8192,9613.455207648078,15151.155279386081,0.6345031141438879
ukbb,haps,none,1,2048,2,6.35441126952437,61.985132170618584,0.10251508784450747
ukbb,haps,none,4,2048,2,6.002980402075669,,
ukbb,haps,none,16,2048,2,5.014982517455632,,
ukbb,haps,none,32,2048,2,2.610188964667645,,
ukbb,haps,none,1,2048,8,25.917749118026926,209.37909243561973,0.12378384497008059
ukbb,haps,none,4,2048,8,24.72445909499587,,
ukbb,haps,none,16,2048,8,19.875346743803487,,
ukbb,haps,none,32,2048,8,5.182353074746359,,
ukbb,haps,none,1,2048,32,95.71735821103847,699.9237785668311,0.13675397399275394
ukbb,haps,none,4,2048,32,96.65763210202144,,
ukbb,haps,none,16,2048,32,70.08427016143048,,
ukbb,haps,none,32,2048,32,73.43025549991214,,
ukbb,haps,none,1,2048,128,335.073289520424,1223.9766031650463,0.27375792041609903
ukbb,haps,none,4,2048,128,358.17316137944465,,
ukbb,haps,none,16,2048,128,352.90911911280824,,
ukbb,haps,none,32,2048,128,280.8900622983463,,
ukbb,haps,none,1,2048,512,886.2816521438355,1618.0183079390142,0.5477574930983048
ukbb,haps,none,4,2048,512,1167.9682130698495,3262.7101045161257,0.3579748661866067
ukbb,haps,none,16,2048,512,978.3343566943187,3166.476487448623,0.3089662470485003
ukbb,haps,none,32,2048,512,991.3325020900585,5534.678452405299,0.17911293503586254
ukbb,haps,none,1,2048,2048,1471.7238861104343,1716.137812919814,0.8575790796232517
ukbb,haps,none,4,2048,2048,2670.9380251920998,5338.5634409136765,0.5003102528898632
ukbb,haps,none,16,2048,2048,2527.931576397024,9590.999010013507,0.26357333305505826
ukbb,haps,none,32,2048,2048,2635.6668183770903,9558.801908839952,0.27573192158523896
ukbb,haps,none,1,2048,8192,1136.0309307851544,1491.6380399120562,0.761599597481526
ukbb,haps,none,4,2048,8192,2725.695129583672,3919.6824448965854,0.6953867227516144
ukbb,haps,none,16,2048,8192,3391.9560167183286,8129.224270497266,0.41725457483421624
ukbb,haps,none,32,2048,8192,3804.822956423088,8804.453449461098,0.43214754649602616
ukbb,haps,none,1,2048,32768,1251.3911338840398,1642.4915315404844,0.7618858970373908
ukbb,haps,none,4,2048,32768,3468.7167989773006,5295.585931839033,0.6550203969162477
ukbb,haps,none,16,2048,32768,5360.717531371484,9959.939452614835,0.538227923661133
ukbb,haps,none,32,2048,32768,6570.9549243837355,11852.260778352447,0.5544051930063209
ukbb,haps,none,1,2048,131072,1270.2985246961096,3035.643991788029,0.4184609684575988
ukbb,haps,none,4,2048,131072,3692.2228537245387,4835.504805073209,0.7635651297152705
ukbb,haps,none,16,2048,131072,6009.072093311951,11230.47661046273,0.5350683058022377
ukbb,haps,none,32,2048,131072,5516.632082752886,14640.7272994322,0.3768004122969242
ukbb,haps,none,1,2048,524288,1241.6549880911136,3066.457828449519,0.40491507059757176
ukbb,haps,none,4,2048,524288,3626.714460529841,6034.181369820815,0.6010284143377573
ukbb,haps,none,16,2048,524288,5756.509683906123,12449.738353608076,0.46237997300865535
ukbb,haps,none,32,2048,524288,6469.965501300451,15706.215322018248,0.41193663582533013
ukbb,haps,none,1,2048,2097152,1267.1018160801632,,
ukbb,haps,none,4,2048,2097152,3338.6959559886004,,
ukbb,haps,none,16,2048,2097152,5059.440812281952,,
ukbb,haps,none,32,2048,2097152,5875.577360154023,,
ukbb,haps,none,1,2048,4194304,1282.8971582133354,,
ukbb,haps,none,4,2048,4194304,2991.216356702679,,
ukbb,haps,none,16,2048,4194304,4819.54177778484,,
ukbb,haps,none,32,2048,4194304,5395.710952308203,,
ukbb,haps,none,1,16384,2,52.78684437150595,361.20526677155704,0.14614084906156918
ukbb,haps,none,4,16384,2,52.49816845438322,,
ukbb,haps,none,16,16384,2,40.15147181796909,,
ukbb,haps,none,32,16384,2,12.725622106668443,,
ukbb,haps,none,1,16384,8,191.73331976725228,946.2868267483914,0.20261649464790904
ukbb,haps,none,4,16384,8,192.2888722076623,,
ukbb,haps,none,16,16384,8,154.38117053689544,,
ukbb,haps,none,32,16384,8,86.99904260985993,,
ukbb,haps,none,1,16384,32,627.4203075356517,2435.0262700274816,0.2576646976086096
ukbb,haps,none,4,16384,32,737.8778249539037,,
ukbb,haps,none,16,16384,32,601.3613235919979,,
ukbb,haps,none,32,16384,32,292.30864885876076,,
ukbb,haps,none,1,16384,128,1376.1853992669314,3801.6528640707575,0.36199659686795577
ukbb,haps,none,4,16384,128,2224.472608391729,6163.346356267048,0.36091961733252725
ukbb,haps,none,16,16384,128,1749.39249953706,11932.120396393544,0.1466120388850426
ukbb,haps,none,32,16384,128,2187.5070829620818,4765.744186885171,0.4590064000879175
ukbb,haps,none,1,16384,512,1994.7763197703116,3034.478862104272,0.6573703131308107
ukbb,haps,none,4,16384,512,5007.936576908973,6759.393131909524,0.74088553205578
ukbb,haps,none,16,16384,512,5944.329887738892,21071.672822379194,0.28210052129443225
ukbb,haps,none,32,16384,512,2755.713345261751,16317.226377120756,0.16888368657590494
ukbb,haps,none,1,16384,2048,1319.6643309540193,2783.9101785121047,0.47403265419264723
ukbb,haps,none,4,16384,2048,2795.4262873032235,6313.4956255833395,0.4427699729410897
ukbb,haps,none,16,16384,2048,6945.659143459687,14182.954224538184,0.48971878732026625
ukbb,haps,none,32,16384,2048,7063.781615906819,15603.386845350118,0.45270822840695374
ukbb,haps,none,1,16384,8192,1409.2879636312014,1981.7469660483152,0.7111341597970903
ukbb,haps,none,4,16384,8192,5034.676046100318,7566.923599300244,0.6653530962789029
ukbb,haps,none,16,16384,8192,9374.78706462047,18686.044231932883,0.5016999290090379
ukbb,haps,none,32,16384,8192,13376.39753048293,26552.651962830485,0.5037687967743399
ukbb,haps,none,1,16384,32768,1433.609344208361,3515.062932938082,0.40784741882560605
ukbb,haps,none,4,16384,32768,5033.2913935311035,11484.779834805844,0.4382575431073724
ukbb,haps,none,16,16384,32768,10349.506241935787,18090.924763017152,0.5720827640106623
ukbb,haps,none,32,16384,32768,10745.789808735131,28124.397973534113,0.38208070511757214
ukbb,haps,none,1,16384,131072,1430.116227381278,2717.3536663967157,0.5262900611968006
ukbb,haps,none,4,16384,131072,4284.601666474395,7976.377929641668,0.5371613161096639
ukbb,haps,none,16,16384,131072,10640.652756267571,23526.493274628774,0.4522838415422738
ukbb,haps,none,32,16384,131072,15683.961125537904,38439.59734690642,0.4080157495926563
ukbb,haps,none,1,16384,524288,1604.6048164898382,,
ukbb,haps,none,4,16384,524288,5090.114751885604,,
ukbb,haps,none,16,16384,524288,10520.587854307894,,
ukbb,haps,none,32,16384,524288,10873.746039170393,,
ukbb,haps,none,1,131072,2,369.0557475588105,1672.0624427046941,0.2207188787530168
ukbb,haps,none,4,131072,2,343.53554619496487,,
ukbb,haps,none,16,131072,2,285.71688403192,,
ukbb,haps,none,32,131072,2,274.3215360491464,,
ukbb,haps,none,1,131072,8,997.7005360491039,3594.006385764321,0.27760121406599214
ukbb,haps,none,4,131072,8,1364.3896250517805,5126.166265209027,0.2661617970356928
ukbb,haps,none,16,131072,8,1073.4088842812162,6369.686432928044,0.168518324345173
ukbb,haps,none,32,131072,8,882.948137134507,6158.183699785542,0.14337801211828993
ukbb,haps,none,1,131072,32,1746.6737962115665,2051.736035789631,0.8513150647760309
ukbb,haps,none,4,131072,32,3528.5416654110877,13207.83426117538,0.26715520467903564
ukbb,haps,none,16,131072,32,3699.135068527272,16564.918332366215,0.22331139787749676
ukbb,haps,none,32,131072,32,4229.278557810064,20654.094403635532,0.2047670779051744
ukbb,haps,none,1,131072,128,1279.4480493101478,1751.645565228587,0.730426334361302
ukbb,haps,none,4,131072,128,3829.6192521482126,5514.179862089087,0.6945038696465976
ukbb,haps,none,16,131072,128,5647.020872227373,11113.863463320191,0.5081060146963838
ukbb,haps,none,32,131072,128,5859.447141134827,12589.565628465385,0.46542091395801943
ukbb,haps,none,1,131072,512,1415.8139274686755,3361.138623138012,0.42123044783759894
ukbb,haps,none,4,131072,512,4832.988657545762,6716.759103868042,0.7195417585785597
ukbb,haps,none,16,131072,512,9102.032835213684,15198.864397317973,0.5988626911376254
ukbb,haps,none,32,131072,512,7078.843970582205,21966.751679580648,0.3222526513632143
ukbb,haps,none,1,131072,2048,1434.0261218372418,1967.721942599831,0.7287747779762778
ukbb,haps,none,4,131072,2048,5064.363650461847,10136.20372827221,0.4996312018015353
ukbb,haps,none,16,131072,2048,10414.270825016663,20269.785087908178,0.5137829917708026
ukbb,haps,none,32,131072,2048,9474.337339865288,34146.09648611532,0.27746472700672525
ukbb,haps,none,1,131072,8192,1410.5347301960792,3629.3819183725736,0.3886432351072514
ukbb,haps,none,4,131072,8192,5264.580806264926,7501.577390559355,0.701796506544122
ukbb,haps,none,16,131072,8192,10691.69416302765,25618.49219476989,0.41734283507951336
ukbb,haps,none,32,131072,8192,16886.000644016232,39367.06829636132,0.42893721515902156
ukbb,haps,none,1,131072,32768,1431.1941696315905,,
ukbb,haps,none,4,131072,32768,5136.935099609038,,
ukbb,haps,none,16,131072,32768,9290.529013835072,,
ukbb,haps,none,32,131072,32768,10033.53961577543,,
ukbb,haps,none,1,131072,65536,1555.2339637289301,,
ukbb,haps,none,4,131072,65536,4912.802010098347,,
ukbb,haps,none,16,131072,65536,8628.185110424352,,
ukbb,haps,none,32,131072,65536,10402.19035387162,,
ukbb,haps,none,1,1048576,2,1201.1879096218663,1919.1494398967047,0.6258959748785996
ukbb,haps,none,4,1048576,2,1379.4446177072386,6095.104238850435,0.22632010276618475
ukbb,haps,none,16,1048576,2,1189.7247175445968,4790.482032749733,0.24835177533516306
ukbb,haps,none,32,1048576,2,544.5164076879807,5961.047074392409,0.09134576541546295
ukbb,haps,none,1,1048576,8,2002.1752460899208,2088.785384421506,0.9585356451756426
ukbb,haps,none,4,1048576,8,5250.775257225045,14879.135439433398,0.35289518524773883
ukbb,haps,none,16,1048576,8,4445.347038974958,13283.52811337477,0.3346510807244859
ukbb,haps,none,32,1048576,8,4329.029895726649,15825.412666494678,0.27354925820620174
ukbb,haps,none,1,1048576,32,1332.800901933443,1895.915194118557,0.7029855059276976
ukbb,haps,none,4,1048576,32,2688.7544624856077,5986.189344514898,0.4491596085161078
ukbb,haps,none,16,1048576,32,4198.193311608147,15139.143821364232,0.2773071820404858
ukbb,haps,none,32,1048576,32,5890.736276454095,15727.096351512435,0.37455968633953196
ukbb,haps,none,1,1048576,128,1430.9464075350093,1970.8924879167696,0.7260398100393175
ukbb,haps,none,4,1048576,128,3213.3796734648677,7384.161004045513,0.4351719405501009
ukbb,haps,none,16,1048576,128,10488.884402705622,19194.62374829333,0.5464490755458664
ukbb,haps,none,32,1048576,128,9235.077338848541,28280.95147195407,0.3265476180321186
ukbb,haps,none,1,1048576,512,1446.9743552576756,2968.2020590948523,0.48749186424960833
ukbb,haps,none,4,1048576,512,5384.763906128204,13573.559325994367,0.39670979267876955
ukbb,haps,none,16,1048576,512,11342.963977943262,21146.245141944368,0.5364055841499761
ukbb,haps,none,32,1048576,512,12590.455986564912,39396.73052574454,0.31958123982743797
ukbb,haps,none,1,1048576,2048,1452.1729338561308,3576.487980709015,0.40603322077102216
ukbb,haps,none,4,1048576,2048,5368.1002293877955,7955.353144589739,0.6747783702145923
ukbb,haps,none,16,1048576,2048,11619.657793571727,27002.239329517346,0.4303220059556232
ukbb,haps,none,32,1048576,2048,14088.052036707619,41793.924823160254,0.3370837291859384
ukbb,haps,none,1,1048576,8192,1629.5789332510167,,
ukbb,haps,none,4,1048576,8192,5430.22665390803,,
ukbb,haps,none,16,1048576,8192,11834.07580560165,,
ukbb,haps,none,32,1048576,8192,11451.952039325512,,
